ID,Title,Hook1,Hook2,Hook3,Hook4,Hook5,Hook6,Hook7,Hook8,FilePath,Narrative
1,15-Min Rule,"Are you waiting for ""free time"" that never actually comes?",Stop waiting for a full hour of silence to start.,You don’t need a gym when you have fifteen minutes.,Your kids deserve a mom who feels energized and strong.,Fitness isn’t another chore on your endless to-do list.,Burnout is preventable when you prioritize your physical health.,"Short, consistent bursts are the secret to seeing real results.",Commit to fifteen minutes and watch your life change.,/media/1.mp4,Micro-workouts for busy moms.
2,Self-Care,Why do you feel guilty for taking care of yourself?,"Self-care isn't selfish, it’s a requirement for your family.","You cannot pour from an empty cup, so fill yours.",It is time to break the cycle of constant mom guilt.,Your health is the best investment you will ever make.,"Energy is your currency, so spend it on your wellness.",Rest is productive and your body needs time to recover.,A healthy mom is the greatest gift to her family.,/media/2.mp4,Shifting from guilt to fuel.
3,Consistency,"Is your ""all or nothing"" mindset keeping you stuck?",Done is always better than perfect when life gets messy.,Forget the perfectionist mentality that stops you today.,One missed workout is never a reason to give up.,Small daily habits lead to the biggest long-term results.,"Just show up for yourself today, even if it’s hard.",Progress over perfection is the only way to stay consistent.,"Ditch the ""perfect"" plan and just start being consistent.",/media/3.mp4,Perfection vs. Progress.
4,Legacy,What kind of relationship with health are your kids watching?,Your kids are watching how you treat your own body.,Raise healthy habits by living them out loud every day.,Lead by example because your actions speak louder.,Strong moms raise strong kids who value their own health.,You have the power to change your entire family tree.,Health is a family value that starts with your choices.,Your strength today builds their healthy future.,/media/4.mp4,Fitness as a family legacy.
5,Identity,"Have you forgotten who you are outside of being ""Mom""?",You are so much more than just a tired parent.,It is time to reclaim your body and your confidence.,Rediscover the strength you thought you lost in motherhood.,Your personal goals still matter even in busy seasons.,"Fitness is for YOU, not just for a specific look.",Find yourself again in the sweat and the hard work.,Reclaim your identity by prioritizing your goals today.,/media/5.mp4,Identity outside of motherhood.
6,Mental Load,Are you tired of feeling overwhelmed by the mental load?,Exercise is the cheapest and most effective therapy available.,Sweat out the stress of the day in ten minutes.,Trade your daily anxiety for a rush of happy endorphins.,Exercise is the best way to calm a heavy mind.,"Movement is medicine for a tired, overwhelmed mom brain.","A stronger mind starts with a stronger, moving body.",Trade your stress for strength and find your peace.,/media/6.mp4,Movement for mental clarity.
7,Function,Do you have the physical strength your daily life demands?,You need to be strong enough for real-life daily demands.,Carry the kids and the groceries with total ease.,We are training for the marathon of modern motherhood.,"Avoid the ""mom back"" pain by building a solid core.",Build the strength you need for the daily household grind.,Become the powerhouse parent you were meant to be.,Build a body that is strong enough for the life you lead.,/media/7.mp4,Functional fitness for moms.
8,Nutrition,Why are you the only one in the house not being fueled?,Stop eating cold leftovers off your toddler’s high-chair.,Fuel your body properly instead of just restricting calories.,Eat for sustained energy rather than for temporary stress.,You deserve to sit down and eat a real nutritious meal.,Fuel the CEO of the home with high-quality nutrition.,"No more crash dieting, just nourishing with intention.",Nourish your body like it belongs to someone you love.,/media/8.mp4,"Nutrition for energy, not weight loss."
9,Recovery,Is your late-night scrolling making you more tired than the kids?,Honor your body’s deep need for rest and recovery.,The power of one early night can change your tomorrow.,Recovery is where all your hard work stays permanent.,Listen to your body’s cues when it asks for rest.,Quality sleep is a non-negotiable part of your journey.,Turn off the late-night scroll and give your brain peace.,True fitness begins with the courage to choose rest.,/media/9.mp4,Prioritizing sleep and rest.
10,The Start,How much longer are you going to put yourself last?,"The best time to start was yesterday, the next is now.","Stop waiting for next Monday or the ""perfect"" month.",Small starts always lead to the biggest finishes.,Your future self will thank you for starting right now.,Take it one step at a time and just keep moving.,Your transformation starts with the choice you make today.,Stop waiting for the perfect time and start creating it.,/media/10.mp4,Overcoming procrastination.
11,Body Love,"Do you look in the mirror and only see your ""flaws""?",Your body performed a miracle by bringing life to earth.,It’s time to stop punishing yourself for how you look.,"Exercise because you love your body, not because you hate it.","Every stretch and every rep is a ""thank you"" to your frame.",You are teaching your children how to love themselves.,Transformation begins when you start respecting your current self.,Treat your body with the kindness it truly deserves.,/media/11.mp4,
12,"The ""Busy"" Myth","Is ""too busy"" the truth or just a story you tell?","We all have the same 24 hours, even in motherhood.","It’s not about having time, it’s about making time.",Five minutes of movement is better than zero minutes.,Audit your day and find the pockets of wasted energy.,Stop scrolling and start moving for your own benefit.,You make time for what you truly value in life.,"Replace ""I don't have time"" with ""It's not a priority.""",/media/12.mp4,
13,Hidden Strength,Did you know you are stronger than you give yourself credit for?,Motherhood has already tested your limits and your patience.,You have the grit to handle sleepless nights and tantrums.,"If you can handle a newborn, you can handle a workout.",Physical strength is just a reflection of your inner power.,"Push past the mental barriers that say ""I can't.""",Every workout you complete builds a layer of resilience.,You were born to do hard things; fitness is no different.,/media/13.mp4,
14,Energy Levels,Are you constantly relying on caffeine just to survive the day?,"Natural energy comes from movement, not just from a cup.",Exercise actually gives you more energy than it takes away.,Stop feeling like a zombie and start feeling like a person.,A quick workout wakes up your metabolism and your mind.,Movement improves your sleep quality and your daytime focus.,Fuel your fire with endorphins and consistent healthy habits.,Stop chasing caffeine and start chasing your fitness.,/media/14.mp4,
15,Comparison Trap,Are you comparing your Day 1 to someone else’s Year 10?,Social media isn't a fair yardstick for your personal progress.,Your journey is unique to your body and your home life.,"Focus on being better than you were yesterday, not her.",The only person you are in competition with is yourself.,Celebrate the small wins that no one else even sees.,Comparison is the thief of joy and the killer of progress.,Run your own race and celebrate your own pace.,/media/15.mp4,
16,Morning Routine,Does your day start by reacting to everyone else’s needs?,Reclaim the first 10 minutes of your day for yourself.,Move before the rest of the house wakes up and demands.,Setting a morning intention changes the tone of your day.,Even a short stretch session can ground your frantic mind.,"Win the morning, win the day, and win for your family.",Don't let your phone be the first thing you touch.,Own your morning so the day doesn't own you.,/media/16.mp4,
17,Plateaus,Are you frustrated because the scale hasn't moved lately?,Weight is just one metric in a very long journey.,"Muscle takes up less space than fat, so check the fit.",Focus on how much stronger you feel during your tasks.,Non-scale victories are more important than a digital number.,Your body is adjusting to the new demands you’ve set.,"Keep going when it’s boring, that’s when change happens.",The scale is a liar; your strength is the truth.,/media/17.mp4,
18,Mom Brain,Does it feel like your brain is constantly in a fog?,Exercise increases blood flow to the brain and improves focus.,"Clear the ""mom fog"" with a 20-minute power walk outside.",Physical activity is the best way to sharpen your memory.,You’ll be a more focused parent when you’ve moved.,Movement releases the tension that blocks your creative thinking.,Stop overthinking the laundry and start thinking about you.,A clear head is only one workout away from reality.,/media/18.mp4,
19,Gym Intimidation,Does the thought of a gym make you feel out of place?,"You don’t have to be fit to start, you start to get fit.","Everyone in that room had a ""Day One"" just like yours.",Your garage or living room is a perfectly good gym.,"Fitness is about your health, not a fashion show.",Confidence is built by doing the things that scare you.,You belong in the space where you are improving yourself.,Take up space; you have earned the right to be there.,/media/19.mp4,
20,Weekend Warriors,Do you undo all your hard work as soon as Friday hits?,"Weekends are for rest, but not for total self-sabotage.",You can enjoy a treat without losing your entire momentum.,Movement on a Saturday feels different than a Monday grind.,Stay active with your kids to keep the metabolism moving.,"Consistency doesn't take a day off, but intensity can.",Balance is knowing when to push and when to play.,A healthy lifestyle is a 7-day-a-week commitment.,/media/20.mp4,
21,Future You,What will your life look like ten years from now?,The choices you make today determine your future mobility.,You are training now so you can play with grandkids later.,Prevent the aches of the future by moving your body today.,Investing in your health now saves on medical bills later.,Future-you is begging you to pick up those weights now.,Your body is the only home you have to live in.,Be the woman your future self will be proud of.,/media/21.mp4,
22,Social Support,Are you trying to do this entire journey all alone?,Surround yourself with women who speak your language of growth.,Community is the secret sauce to staying on track forever.,"Find a workout buddy who understands the ""mom schedule.""",Share your struggles so they don't feel so heavy anymore.,Encouragement from others can get you through the hard days.,There is power in knowing you aren't the only one.,Find your tribe and you will find your consistency.,/media/22.mp4,
23,Habit Stacking,Do you feel like you can't fit fitness into your routine?,"Try ""habit stacking"" to make exercise a permanent ritual.",Squat while you brush your teeth or wait for coffee.,Do lunges while you are heating up the kids' lunch.,Attach a new habit to something you already do daily.,Small layers of movement add up to big physical changes.,"You don't need a block of time, just a bit of intent.",Build your fitness into the life you already live.,/media/23.mp4,
24,Emotional Eating,"Are you eating because you're hungry, or because you're stressed?",Recognize the difference between physical hunger and emotional fatigue.,A walk is often a better stress-reliever than a snack.,Stop using food as a reward for surviving a hard day.,"Fuel your body with what it needs, not just what it craves.","Break the cycle of ""stress-eat-guilt-repeat"" starting right now.",You deserve better than a temporary sugar high and crash.,Address the emotion and you’ll master the nutrition.,/media/24.mp4,
25,Home Gym,Do you think you need fancy equipment to see results?,Your body weight is the most effective tool you own.,A pair of dumbbells and a mat can change everything.,Consistency matters more than the brand of your leggings.,You can build a masterpiece in a small corner of your home.,The best equipment is the one you actually use daily.,Stop making excuses about gear and start using your will.,The best gym in the world is the one you’re in.,/media/25.mp4,
26,Aging Gracefully,"Are you afraid of getting older and losing your ""spark""?",Muscle mass is the fountain of youth for every woman.,Strength training keeps your bones strong and your skin glowing.,"You aren't getting older, you are just getting more powerful.",Age is just a number; your fitness is a lifestyle choice.,Keep your metabolism high by challenging your muscles weekly.,Vitality is a result of the work you put in today.,Don't just age gracefully; age with incredible strength.,/media/26.mp4,
27,Financial Health,Is the cost of a gym membership holding you back?,Walking outside is free and one of the best exercises.,YouTube has thousands of free workouts for every fitness level.,You don’t need a boutique studio to find your best self.,Health is an investment that pays dividends in lower costs.,Prioritize your grocery budget for whole foods over processed junk.,Wealth is nothing if you don't have the health to enjoy it.,Fitness doesn't cost a fortune; it costs your excuses.,/media/27.mp4,
28,Mental Toughness,What happens when the motivation finally fades away?,"Motivation gets you started, but discipline keeps you going.",Doing it when you don't feel like it is a superpower.,Your mind will give up long before your body does.,Train your brain to handle discomfort without quitting the goal.,Every rep you didn't want to do is a mental victory.,Strength is built in the moments you wanted to stop.,Discipline is the bridge between goals and accomplishment.,/media/28.mp4,
29,Breathing & Core,Do you find yourself holding your breath when things get hard?,Your breath is the foundation of your core and your calm.,Learn to breathe through the stress of a workout and life.,A strong core protects your back and improves your posture.,"Connection to your body starts with deep, intentional exhales.","Use your breath to power through the final, hardest reps.",Stability in your midsection brings stability to your daily movements.,Master your breath and you will master your movement.,/media/29.mp4,
30,The Finish Line,Are you worried that you've started this journey too late?,There is no finish line when it comes to your health.,"This is a lifelong journey, not a 30-day quick fix.",Celebrate how far you’ve come since you first began today.,Every day is a new opportunity to choose a better you.,You haven't missed the boat; you are exactly where you need to be.,The only way to fail is to stop trying altogether.,This isn't a destination; it's a beautiful way of life.,/media/30.mp4,
