ID,Title,Hook1,Hook2,FilePath,Hook3,Hook4,Hook5,Hook6,Hook7,Hook8,Narrative,Hashtags
1,15-Min Rule,"Are you waiting for ""free time"" that never actually comes?",Stop waiting for a full hour of silence to start.,/media/1.mp4,You don't need a gym when you have fifteen minutes.,Your kids deserve a mom who feels energized and strong.,Fitness isn't another chore on your endless to-do list.,Burnout is preventable when you prioritize your physical health.,"Short, consistent bursts are the secret to seeing real results.",Commit to fifteen minutes and watch your life change.,Micro-workouts for busy moms.,#MicroWorkouts #BusyMomFitness #15MinuteFitness
2,Self-Care,Why do you feel guilty for taking care of yourself?,"Self-care isn't selfish, it's a requirement for your family.",/media/2.mp4,"You cannot pour from an empty cup, so fill yours.",It is time to break the cycle of constant mom guilt.,Your health is the best investment you will ever make.,"Energy is your currency, so spend it on your wellness.",Rest is productive and your body needs time to recover.,A healthy mom is the greatest gift to her family.,Shifting from guilt to fuel.,#MomSelfCare #NoMoreMomGuilt #SelfCareNotSelfish
3,Consistency,"Is your ""all or nothing"" mindset keeping you stuck?",Done is always better than perfect when life gets messy.,D:\reels-dev\mixkit\fitness\fit_moms\faceless_videos\3_fit_moms_consistency.mp4,Forget the perfectionist mentality that stops you today.,One missed workout is never a reason to give up.,Small daily habits lead to the biggest long-term results.,"Just show up for yourself today, even if it's hard.",Progress over perfection is the only way to stay consistent.,"Ditch the ""perfect"" plan and just start being consistent.",Perfection vs. Progress.,#ProgressNotPerfection #ConsistencyOverPerfection #FitnessConsistency
4,Legacy,What kind of relationship with health are your kids watching?,Your kids are watching how you treat your own body.,D:\reels-dev\mixkit\fitness\fit_moms\faceless_videos\4_fit_moms_legacy.mp4,Raise healthy habits by living them out loud every day.,Lead by example because your actions speak louder.,Strong moms raise strong kids who value their own health.,You have the power to change your entire family tree.,Health is a family value that starts with your choices.,Your strength today builds their healthy future.,Fitness as a family legacy.,#HealthyFamilyLegacy #FitMomRole Model #LeadByExample
5,Identity,"Have you forgotten who you are outside of being ""Mom""?",You are so much more than just a tired parent.,D:\reels-dev\mixkit\fitness\fit_moms\faceless_videos\5_fit_moms_identity.mp4,It is time to reclaim your body and your confidence.,Rediscover the strength you thought you lost in motherhood.,Your personal goals still matter even in busy seasons.,"Fitness is for YOU, not just for a specific look.",Find yourself again in the sweat and the hard work.,Reclaim your identity by prioritizing your goals today.,Identity outside of motherhood.,#ReclaimYourself #MomIdentity #MoreThanMom
6,Mental Load,Are you tired of feeling overwhelmed by the mental load?,Exercise is the cheapest and most effective therapy available.,D:\reels-dev\mixkit\fitness\fit_moms\faceless_videos\6_fit_moms_mental_load.mp4,Sweat out the stress of the day in ten minutes.,Trade your daily anxiety for a rush of happy endorphins.,Exercise is the best way to calm a heavy mind.,"Movement is medicine for a tired, overwhelmed mom brain.","A stronger mind starts with a stronger, moving body.",Trade your stress for strength and find your peace.,Movement for mental clarity.,#MovementIsMedicine #MentalHealthMatters #MomBrainRelief
7,Function,Do you have the physical strength your daily life demands?,You need to be strong enough for real-life daily demands.,D:\reels-dev\mixkit\fitness\fit_moms\faceless_videos\7_fit_moms_function.mp4,Carry the kids and the groceries with total ease.,We are training for the marathon of modern motherhood.,"Avoid the ""mom back"" pain by building a solid core.",Build the strength you need for the daily household grind.,Become the powerhouse parent you were meant to be.,Build a body that is strong enough for the life you lead.,Functional fitness for moms.,#FunctionalFitness #StrongMom #RealLifeStrength
8,Nutrition,Why are you the only one in the house not being fueled?,Stop eating cold leftovers off your toddler's high-chair.,D:\reels-dev\mixkit\fitness\fit_moms\faceless_videos\8_fit_moms_nutrition.mp4,Fuel your body properly instead of just restricting calories.,Eat for sustained energy rather than for temporary stress.,You deserve to sit down and eat a real nutritious meal.,Fuel the CEO of the home with high-quality nutrition.,"No more crash dieting, just nourishing with intention.",Nourish your body like it belongs to someone you love.,"Nutrition for energy, not weight loss.",#MomNutrition #FuelYourBody #EatForEnergy
9,Recovery,Is your late-night scrolling making you more tired than the kids?,Honor your body's deep need for rest and recovery.,D:\reels-dev\mixkit\fitness\fit_moms\faceless_videos\9_fit_moms_recovery.mp4,The power of one early night can change your tomorrow.,Recovery is where all your hard work stays permanent.,Listen to your body's cues when it asks for rest.,Quality sleep is a non-negotiable part of your journey.,Turn off the late-night scroll and give your brain peace.,True fitness begins with the courage to choose rest.,Prioritizing sleep and rest.,#RestAndRecovery #SleepMatters #MomRestDay
10,The Start,How much longer are you going to put yourself last?,"The best time to start was yesterday, the next is now.",D:\reels-dev\mixkit\fitness\fit_moms\faceless_videos\10_fit_moms_the_start.mp4,"Stop waiting for next Monday or the ""perfect"" month.",Small starts always lead to the biggest finishes.,Your future self will thank you for starting right now.,Take it one step at a time and just keep moving.,Your transformation starts with the choice you make today.,Stop waiting for the perfect time and start creating it.,Overcoming procrastination.,#StartToday #NoMoreExcuses #YourFitnessJourney
11,Body Love,"Do you look in the mirror and only see your ""flaws""?",Your body performed a miracle by bringing life to earth.,D:\reels-dev\mixkit\fitness\fit_moms\faceless_videos\11_fit_moms_body_love.mp4,It's time to stop punishing yourself for how you look.,"Exercise because you love your body, not because you hate it.","Every stretch and every rep is a ""thank you"" to your frame.",You are teaching your children how to love themselves.,Transformation begins when you start respecting your current self.,Treat your body with the kindness it truly deserves.,,#BodyLove #BodyPositivity #LoveYourBody
12,"The ""Busy"" Myth","Is ""too busy"" the truth or just a story you tell?","We all have the same 24 hours, even in motherhood.",D:\reels-dev\mixkit\fitness\fit_moms\faceless_videos\12_fit_moms_the_busy_myth.mp4,"It's not about having time, it's about making time.",Five minutes of movement is better than zero minutes.,Audit your day and find the pockets of wasted energy.,Stop scrolling and start moving for your own benefit.,You make time for what you truly value in life.,"Replace ""I don't have time"" with ""It's not a priority.""",,#MakeTime #NoExcuses #TimeForFitness
13,Hidden Strength,Did you know you are stronger than you give yourself credit for?,Motherhood has already tested your limits and your patience.,D:\reels-dev\mixkit\fitness\fit_moms\faceless_videos\13_fit_moms_hidden_strength.mp4,You have the grit to handle sleepless nights and tantrums.,"If you can handle a newborn, you can handle a workout.",Physical strength is just a reflection of your inner power.,"Push past the mental barriers that say ""I can't.""",Every workout you complete builds a layer of resilience.,You were born to do hard things; fitness is no different.,,#StrongerThanYouThink #InnerStrength #MomStrength
14,Energy Levels,Are you constantly relying on caffeine just to survive the day?,"Natural energy comes from movement, not just from a cup.",D:\reels-dev\mixkit\fitness\fit_moms\faceless_videos\14_fit_moms_energy_levels.mp4,Exercise actually gives you more energy than it takes away.,Stop feeling like a zombie and start feeling like a person.,A quick workout wakes up your metabolism and your mind.,Movement improves your sleep quality and your daytime focus.,Fuel your fire with endorphins and consistent healthy habits.,Stop chasing caffeine and start chasing your fitness.,,#NaturalEnergy #EndorphinBoost #EnergyWithoutCaffeine
15,Comparison Trap,Are you comparing your Day 1 to someone else's Year 10?,Social media isn't a fair yardstick for your personal progress.,D:\reels-dev\mixkit\fitness\fit_moms\faceless_videos\15_fit_moms_comparison_trap.mp4,Your journey is unique to your body and your home life.,"Focus on being better than you were yesterday, not her.",The only person you are in competition with is yourself.,Celebrate the small wins that no one else even sees.,Comparison is the thief of joy and the killer of progress.,Run your own race and celebrate your own pace.,,#YourOwnJourney #NoComparison #RunYourRace
16,Morning Routine,Does your day start by reacting to everyone else's needs?,Reclaim the first 10 minutes of your day for yourself.,D:\reels-dev\mixkit\fitness\fit_moms\faceless_videos\16_fit_moms_morning_routine.mp4,Move before the rest of the house wakes up and demands.,Setting a morning intention changes the tone of your day.,Even a short stretch session can ground your frantic mind.,"Win the morning, win the day, and win for your family.",Don't let your phone be the first thing you touch.,Own your morning so the day doesn't own you.,,#MorningRoutine #WinTheMorning #MomMornings
17,Plateaus,Are you frustrated because the scale hasn't moved lately?,Weight is just one metric in a very long journey.,D:\reels-dev\mixkit\fitness\fit_moms\faceless_videos\17_fit_moms_plateaus.mp4,"Muscle takes up less space than fat, so check the fit.",Focus on how much stronger you feel during your tasks.,Non-scale victories are more important than a digital number.,Your body is adjusting to the new demands you've set.,"Keep going when it's boring, that's when change happens.",The scale is a liar; your strength is the truth.,,#NonScaleVictory #TrustTheProcess #BeyondTheScale
18,Mom Brain,Does it feel like your brain is constantly in a fog?,Exercise increases blood flow to the brain and improves focus.,D:\reels-dev\mixkit\fitness\fit_moms\faceless_videos\18_fit_moms_mom_brain.mp4,"Clear the ""mom fog"" with a 20-minute power walk outside.",Physical activity is the best way to sharpen your memory.,You'll be a more focused parent when you've moved.,Movement releases the tension that blocks your creative thinking.,Stop overthinking the laundry and start thinking about you.,A clear head is only one workout away from reality.,,#ClearTheFog #MomBrainFix #MentalClarity
19,Gym Intimidation,Does the thought of a gym make you feel out of place?,"You don't have to be fit to start, you start to get fit.",D:\reels-dev\mixkit\fitness\fit_moms\faceless_videos\19_fit_moms_gym_intimidation.mp4,"Everyone in that room had a ""Day One"" just like yours.",Your garage or living room is a perfectly good gym.,"Fitness is about your health, not a fashion show.",Confidence is built by doing the things that scare you.,You belong in the space where you are improving yourself.,Take up space; you have earned the right to be there.,,#NoGymNeeded #FitnessForAll #YouBelong
20,Weekend Warriors,Do you undo all your hard work as soon as Friday hits?,"Weekends are for rest, but not for total self-sabotage.",D:\reels-dev\mixkit\fitness\fit_moms\faceless_videos\20_fit_moms_weekend_warriors.mp4,You can enjoy a treat without losing your entire momentum.,Movement on a Saturday feels different than a Monday grind.,Stay active with your kids to keep the metabolism moving.,"Consistency doesn't take a day off, but intensity can.",Balance is knowing when to push and when to play.,A healthy lifestyle is a 7-day-a-week commitment.,,#WeekendFitness #BalanceNotPerfection #7DayLifestyle
21,Future You,What will your life look like ten years from now?,The choices you make today determine your future mobility.,D:\reels-dev\mixkit\fitness\fit_moms\faceless_videos\21_fit_moms_future_you.mp4,You are training now so you can play with grandkids later.,Prevent the aches of the future by moving your body today.,Investing in your health now saves on medical bills later.,Future-you is begging you to pick up those weights now.,Your body is the only home you have to live in.,Be the woman your future self will be proud of.,,#FutureYou #InvestInHealth #LongTermHealth
22,Social Support,Are you trying to do this entire journey all alone?,Surround yourself with women who speak your language of growth.,D:\reels-dev\mixkit\fitness\fit_moms\faceless_videos\22_fit_moms_social_support.mp4,Community is the secret sauce to staying on track forever.,"Find a workout buddy who understands the ""mom schedule.""",Share your struggles so they don't feel so heavy anymore.,Encouragement from others can get you through the hard days.,There is power in knowing you aren't the only one.,Find your tribe and you will find your consistency.,,#FitnessCommunity #FindYourTribe #TogetherStronger
23,Habit Stacking,Do you feel like you can't fit fitness into your routine?,"Try ""habit stacking"" to make exercise a permanent ritual.",D:\reels-dev\mixkit\fitness\fit_moms\faceless_videos\23_fit_moms_habit_stacking.mp4,Squat while you brush your teeth or wait for coffee.,Do lunges while you are heating up the kids' lunch.,Attach a new habit to something you already do daily.,Small layers of movement add up to big physical changes.,"You don't need a block of time, just a bit of intent.",Build your fitness into the life you already live.,,#HabitStacking #SmallHabits #FitnessHacks
24,Emotional Eating,"Are you eating because you're hungry, or because you're stressed?",Recognize the difference between physical hunger and emotional fatigue.,D:\reels-dev\mixkit\fitness\fit_moms\faceless_videos\24_fit_moms_emotional_eating.mp4,A walk is often a better stress-reliever than a snack.,Stop using food as a reward for surviving a hard day.,"Fuel your body with what it needs, not just what it craves.","Break the cycle of ""stress-eat-guilt-repeat"" starting right now.",You deserve better than a temporary sugar high and crash.,Address the emotion and you'll master the nutrition.,,#EmotionalEating #MindfulEating #BreakTheCycle
25,Home Gym,Do you think you need fancy equipment to see results?,Your body weight is the most effective tool you own.,D:\reels-dev\mixkit\fitness\fit_moms\faceless_videos\25_fit_moms_home_gym.mp4,A pair of dumbbells and a mat can change everything.,Consistency matters more than the brand of your leggings.,You can build a masterpiece in a small corner of your home.,The best equipment is the one you actually use daily.,Stop making excuses about gear and start using your will.,The best gym in the world is the one you're in.,,#HomeGym #BodyweightWorkout #NoEquipmentNeeded
26,Aging Gracefully,"Are you afraid of getting older and losing your ""spark""?",Muscle mass is the fountain of youth for every woman.,D:\reels-dev\mixkit\fitness\fit_moms\faceless_videos\26_fit_moms_aging_gracefully.mp4,Strength training keeps your bones strong and your skin glowing.,"You aren't getting older, you are just getting more powerful.",Age is just a number; your fitness is a lifestyle choice.,Keep your metabolism high by challenging your muscles weekly.,Vitality is a result of the work you put in today.,Don't just age gracefully; age with incredible strength.,,#AgingStrong #FountainOfYouth #StrengthTraining
27,Financial Health,Is the cost of a gym membership holding you back?,Walking outside is free and one of the best exercises.,D:\reels-dev\mixkit\fitness\fit_moms\faceless_videos\27_fit_moms_financial_health.mp4,YouTube has thousands of free workouts for every fitness level.,You don't need a boutique studio to find your best self.,Health is an investment that pays dividends in lower costs.,Prioritize your grocery budget for whole foods over processed junk.,Wealth is nothing if you don't have the health to enjoy it.,Fitness doesn't cost a fortune; it costs your excuses.,,#FreeWorkouts #AffordableFitness #HealthIsWealth
28,Mental Toughness,What happens when the motivation finally fades away?,"Motivation gets you started, but discipline keeps you going.",D:\reels-dev\mixkit\fitness\fit_moms\faceless_videos\28_fit_moms_mental_toughness.mp4,Doing it when you don't feel like it is a superpower.,Your mind will give up long before your body does.,Train your brain to handle discomfort without quitting the goal.,Every rep you didn't want to do is a mental victory.,Strength is built in the moments you wanted to stop.,Discipline is the bridge between goals and accomplishment.,,#DisciplineOverMotivation #MentalToughness #BuildingResilience
29,Breathing & Core,Do you find yourself holding your breath when things get hard?,Your breath is the foundation of your core and your calm.,D:\reels-dev\mixkit\fitness\fit_moms\faceless_videos\29_fit_moms_breathing_core.mp4,Learn to breathe through the stress of a workout and life.,A strong core protects your back and improves your posture.,"Connection to your body starts with deep, intentional exhales.","Use your breath to power through the final, hardest reps.",Stability in your midsection brings stability to your daily movements.,Master your breath and you will master your movement.,,#CoreStrength #BreathWork #MindBodyConnection
30,The Finish Line,Are you worried that you've started this journey too late?,There is no finish line when it comes to your health.,D:\reels-dev\mixkit\fitness\fit_moms\faceless_videos\30_fit_moms_the_finish_line.mp4,"This is a lifelong journey, not a 30-day quick fix.",Celebrate how far you've come since you first began today.,Every day is a new opportunity to choose a better you.,You haven't missed the boat; you are exactly where you need to be.,The only way to fail is to stop trying altogether.,This isn't a destination; it's a beautiful way of life.,,#LifelongJourney #NeverTooLate #HealthyLifestyle
31,Stress Relief,Do you feel like you're drowning in everyone else's needs?,Movement is your daily reset button for overwhelm.,D:\reels-dev\mixkit\fitness\fit_moms\faceless_videos\31_fit_moms_stress_relief.mp4,Ten minutes of exercise can shift your entire day.,Your nervous system needs physical movement to regulate properly.,Transform anxiety into action with purposeful movement.,Stress is stored in your body until you move it out.,Exercise is the most effective form of natural therapy available.,Release what weighs you down and reclaim your peace.,,#StressRelief #MovementMedicine #FindYourCentet
32,Body Confidence,Are mirrors your enemy instead of your friend?,Your worth isn't determined by your reflection today.,D:\reels-dev\mixkit\fitness\fit_moms\faceless_videos\32_fit_moms_body_confidence.mp4,Focus on what your body can do rather than appearance.,Every workout is an act of self-love and respect.,Strength feels better than skinny ever could feel.,Confidence radiates from within when you honor your body.,Your body is your partner in life not your opponent.,Celebrate the miracle of movement your body provides daily.,,#BodyConfidence #StrengthOverSkinny #InnerRadiance
33,Time Blocks,Do you struggle with finding consistent workout time?,Block your fitness like you block important meetings.,D:\reels-dev\mixkit\fitness\fit_moms\faceless_videos\33_fit_moms_time_blocks.mp4,Treat your workout as a non-negotiable appointment with yourself.,Schedule it and protect it like you would anything essential.,Early morning or late evening can be your sacred time.,Consistency comes from treating fitness as a priority consistently.,Your calendar reflects your values make fitness visible there.,Guard your health time as fiercely as you guard family time.,,#TimeBlocking #ScheduleFitness #NonNegotiable
34,Inner Dialogue,Is your inner voice your biggest critic or cheerleader?,The way you speak to yourself determines your success.,D:\reels-dev\mixkit\fitness\fit_moms\faceless_videos\34_fit_moms_inner_dialogue.mp4,Replace harsh criticism with gentle encouragement and progress happens.,You would never speak to your child the way you speak to yourself.,Positive self-talk is a skill that requires daily practice.,Your thoughts become your reality so choose them wisely.,Celebrate effort over outcome and progress over perfection always.,Be your own best friend on this journey of transformation.,,#PositiveSelfTalk #InnerCheerleader #MindsetMatters
35,Flexibility Training,When did you last stretch without rushing through it?,Flexibility is the foundation of all other movement patterns.,D:\reels-dev\mixkit\fitness\fit_moms\faceless_videos\35_fit_moms_flexibility_training.mp4,Tight muscles create compensation patterns that lead to injury.,Daily stretching prevents the aches of tomorrow happening today.,Your range of motion determines your quality of life.,Ten minutes of stretching feels better than hours of tension.,Flexibility keeps you young regardless of your actual age.,Invest in your mobility like you invest in everything else.,,#FlexibilityFirst #MobilityMatters #StaySupple
36,Seasonal Motivation,Do you lose momentum when the weather changes?,Adapt your routine to the seasons instead of abandoning it.,D:\reels-dev\mixkit\fitness\fit_moms\faceless_videos\36_fit_moms_seasonal_motivation.mp4,Winter calls for cozy indoor workouts and warming movements.,Summer invites early morning walks and outdoor adventures naturally.,Spring energy is perfect for trying new activities and challenges.,Fall reminds us to prepare our bodies for colder months.,Every season offers unique opportunities to stay active and healthy.,Your health doesn't take seasonal breaks so neither should you.,,#SeasonalFitness #YearRoundHealth #AdaptDontAbandon
37,Energy Management,Are you giving your best energy to everyone but yourself?,Protect your energy like the finite resource it actually is.,D:\reels-dev\mixkit\fitness\fit_moms\faceless_videos\37_fit_moms_energy_management.mp4,Early movement sets a positive tone for your entire day.,High-energy activities fuel you instead of draining your reserves.,Say no to energy vampires and yes to energizing practices.,Your energy flows where your attention and intention go.,Work with your natural rhythms instead of fighting them daily.,Invest your energy in what multiplies and sustains your vitality.,,#EnergyManagement #ProtectYourFire #VitalityFirst
38,Progress Tracking,Do you only measure success by the number on the scale?,Document your journey in ways that truly matter most.,D:\reels-dev\mixkit\fitness\fit_moms\faceless_videos\38_fit_moms_progress_tracking.mp4,Take photos to capture changes the scale can't measure.,Track how you feel rather than just how you look.,Celebrate strength gains and endurance improvements over time.,Notice better sleep and improved mood as major victories.,Your energy levels are a better indicator than your weight.,Progress photos tell the real story of your transformation.,,#ProgressNotPerfection #NonScaleVictory #CelebratEveryWin
39,Workout Variety,Are you bored with the same routine every single day?,Variety keeps your body guessing and your mind engaged.,D:\reels-dev\mixkit\fitness\fit_moms\faceless_videos\39_fit_moms_workout_variety.mp4,Try different activities to work different muscle groups effectively.,Boredom is the enemy of consistency in any fitness routine.,Challenge your body in new ways to prevent adaptation plateaus.,Dance some days and lift weights on others for balance.,Your workout should feel like play sometimes not punishment.,Keep it fresh and your motivation will stay fresh too.,,#WorkoutVariety #KeepItFresh #FitnessIsFun
40,Hydration Habits,How often do you mistake thirst for hunger or fatigue?,Proper hydration is the foundation of everything else working.,D:\reels-dev\mixkit\fitness\fit_moms\faceless_videos\40_fit_moms_hydration_habits.mp4,Start every day with a tall glass of water before anything else.,Your energy levels are directly connected to your hydration status.,Carry water everywhere and sip consistently throughout your day.,Dehydration disguises itself as cravings and low energy often.,Your skin glows from the inside out with proper hydration.,Make water your first choice and everything else improves.,,#HydrationFirst #WaterIsLife #GlowFromWithin
41,Recovery Rituals,Do you push through pain and call it dedication?,Rest and repair are just as important as reps and sets.,D:\reels-dev\mixkit\fitness\fit_moms\faceless_videos\41_fit_moms_recovery_rituals.mp4,Your muscles grow during recovery periods not during the workout.,Listen to your body's signals for rest versus laziness.,Active recovery keeps you moving without overwhelming your system completely.,Quality sleep is when your body processes all the work.,Honor your need for restoration without any guilt or shame.,Recovery days are an investment in tomorrow's performance always.,,#RecoveryMatters #RestToGrow #ListenToYourBody
42,Mindful Movement,Are you just going through the motions without intention?,Quality always trumps quantity in every aspect of fitness.,D:\reels-dev\mixkit\fitness\fit_moms\faceless_videos\42_fit_moms_mindful_movement.mp4,Focus on feeling every muscle you're trying to engage.,Slow down and connect deeply with what your body is doing.,Mindful movement creates more results than mindless repetition ever will.,Your brain needs to communicate with your muscles for growth.,Presence in your workout multiplies all the benefits you receive.,Think about the muscles you're working with every single rep.,,#MindfulMovement #QualityOverQuantity #IntentionalFitness
43,Meal Prep Success,Are you making food decisions when your willpower is lowest?,Preparation prevents poor choices when motivation fades away.,D:\reels-dev\mixkit\fitness\fit_moms\faceless_videos\43_fit_moms_meal_prep_success.mp4,Sunday prep sets your entire week up for success.,Batch cooking removes daily decision fatigue and stress completely.,Healthy options become easy options when they're ready to grab.,Plan your nutrition like you plan everything else that matters.,Prep like your goals depend on it because they absolutely do.,Future-you will thank present-you for the preparation you do today.,,#MealPrepMom #PlanAhead #SuccessRequiresPrep
44,Support Systems,Are you trying to change your life in complete isolation?,Community accelerates your progress more than you realize.,D:\reels-dev\mixkit\fitness\fit_moms\faceless_videos\44_fit_moms_support_systems.mp4,Find women who speak your language of growth and change.,Share your struggles to make them lighter and more manageable.,Accountability partners double your commitment and halve your excuses.,Celebrate others' victories like they were your own personal wins.,The journey is more enjoyable when you're not walking alone.,Surround yourself with people who believe in your potential.,,#FitnessFriends #CommunityOverCompetition #StrongerTogether
45,Hormonal Balance,Do your hormones feel like they're running your entire life?,Exercise is one of your most powerful hormone-regulating tools.,D:\reels-dev\mixkit\fitness\fit_moms\faceless_videos\45_fit_moms_hormonal_balance.mp4,Movement helps balance insulin and reduce stress cortisol levels.,Strength training naturally boosts metabolism and improves mood significantly.,Work with your cycle instead of fighting against it constantly.,Different phases call for different intensities of training approaches.,Your endocrine system thrives when your body moves regularly.,Take control of your hormones instead of letting them control you.,,#HormoneBalance #WorkWithYourCycle #TakeBackControl
46,Mental Clarity,Does your brain feel foggy and unfocused most days?,Exercise increases blood flow to your brain and improves focus.,D:\reels-dev\mixkit\fitness\fit_moms\faceless_videos\46_fit_moms_mental_clarity.mp4,Clear the mental fog with just twenty minutes of movement.,Physical activity sharpens your memory and cognitive function significantly.,You'll be a more focused parent after you've moved your body.,Movement releases tension that blocks your creative and clear thinking.,Stop overthinking and start moving for immediate mental relief.,A clear head is just one good workout away from reality.,,#MentalClarity #BrainBoost #ClearTheFog
47,Functional Fitness,Are you training for the gym or training for life?,Build strength that serves your daily life and activities.,D:\reels-dev\mixkit\fitness\fit_moms\faceless_videos\47_fit_moms_functional_fitness.mp4,Practice movements that mimic real-world tasks and challenges.,Carry kids and groceries with ease and confidence every day.,Prevent injury by strengthening movement patterns you use daily.,Your workout should prepare you for the demands of motherhood.,Functional strength makes every aspect of life feel easier.,Train movements not just muscles for maximum life impact.,,#FunctionalFitness #TrainForLife #RealWorldStrength
48,Sleep Quality,Is poor sleep sabotaging all your other healthy efforts?,Quality sleep is the foundation every other health habit builds on.,D:\reels-dev\mixkit\fitness\fit_moms\faceless_videos\48_fit_moms_sleep_quality.mp4,Exercise improves sleep quality which improves everything else in return.,Create a bedtime routine that prioritizes rest and recovery.,Your body repairs and grows during sleep not during the day.,Late-night scrolling steals tomorrow's energy and focus from you.,Protect your sleep like you protect everything else that matters.,Good sleep habits are non-negotiable for lasting health success.,,#SleepQuality #RestForSuccess #PrioritizeSleep
49,Injury Prevention,Are you waiting for pain to force you into action?,Prevention is always easier and cheaper than rehabilitation after damage.,D:\reels-dev\mixkit\fitness\fit_moms\faceless_videos\49_fit_moms_injury_prevention.mp4,Mobility work today saves you from immobility problems tomorrow.,Listen to your body's whispers before it has to scream.,Strengthen weak areas before they become limiting factors in life.,A few minutes of daily maintenance prevents hours of pain.,Address imbalances now rather than injuries later on.,Your body gives warning signs; learn to hear and heed them.,,#InjuryPrevention #ListenToWarnings #MaintenanceMatters
50,Motivation Myths,Do you wait for motivation to strike before taking action?,Discipline creates the life you want while motivation just talks.,D:\reels-dev\mixkit\fitness\fit_moms\faceless_videos\50_fit_moms_motivation_myths.mp4,Action creates motivation more than motivation creates action consistently.,Start before you feel ready and readiness will catch up quickly.,Motivation is unreliable; systems and habits are what work.,Do it especially when you don't feel like doing it.,Your future self is created by your current disciplined actions.,Stop waiting to feel motivated and start creating the feeling.,,#DisciplineOverMotivation #ActionFirst #CreateMotivation
51,Core Strength,Do you think core work is just about getting abs?,Your core is the foundation of every movement you make.,D:\reels-dev\mixkit\fitness\fit_moms\faceless_videos\51_fit_moms_core_strength.mp4,A strong core protects your back and improves posture naturally.,Core stability translates to better balance in all life activities.,Your midsection connects your upper and lower body effectively.,Breathing properly engages your core muscles automatically throughout the day.,A stable core means better performance in every other exercise.,Think of core training as life insurance for your spine.,,#CoreStability #ProtectYourBack #FoundationFirst
52,Weekend Habits,Do your healthy habits disappear every Friday evening?,Weekends are for rest but not for total self-sabotage.,D:\reels-dev\mixkit\fitness\fit_moms\faceless_videos\52_fit_moms_weekend_habits.mp4,Consistency doesn't take days off even if intensity can vary.,Plan active fun with your family to stay moving naturally.,Balance treats with movement to maintain your momentum forward.,Weekend prep sets you up for Monday success consistently.,A healthy lifestyle is a seven-day commitment not just weekdays.,Find ways to stay active that feel like play not work.,,#WeekendWarrior #7DayLifestyle #BalanceNotPerfection
53,Technology Balance,Is your phone getting more attention than your health?,Technology should serve your fitness goals not sabotage them completely.,D:\reels-dev\mixkit\fitness\fit_moms\faceless_videos\53_fit_moms_technology_balance.mp4,Use apps to track progress but don't let them replace movement.,Set boundaries with social media that protect your mental health.,Follow accounts that inspire rather than ones that discourage efforts.,Your screen time should support your goals not derail them.,Real life happens off the screen in your body.,Balance digital connection with physical movement every single day.,,#TechBalance #DigitalDetox #RealLifeMovement
54,Aging Strong,Are you afraid that your best years are behind you?,Your strength and vitality can improve at any age with effort.,D:\reels-dev\mixkit\fitness\fit_moms\faceless_videos\54_fit_moms_aging_strong.mp4,Muscle mass is the true fountain of youth for all women.,Strength training keeps bones dense and metabolism high effectively.,You're not getting older; you're getting more powerful each day.,Age becomes just a number when fitness is your lifestyle.,Invest in your future mobility with today's movement choices.,The best time to start getting stronger is right now today.,,#AgingStrong #StrengthHasNoAge #InvestInMobility
55,Financial Wellness,Is money an excuse keeping you from getting healthy?,Health is the best investment you can make in your future.,D:\reels-dev\mixkit\fitness\fit_moms\faceless_videos\55_fit_moms_financial_wellness.mp4,Walking is free and one of the most effective exercises available.,YouTube provides thousands of free workouts for every fitness level.,Bodyweight exercises require no equipment and deliver amazing results consistently.,Healthy habits prevent expensive medical bills later in life.,Your grocery budget should prioritize nutrition over convenience consistently.,Wealth means nothing without the health to enjoy it fully.,,#HealthIsWealth #FreeWorkouts #InvestInHealth
56,Goal Setting,Are your fitness goals too vague to actually achieve?,Specific goals create specific results every single time without fail.,D:\reels-dev\mixkit\fitness\fit_moms\faceless_videos\56_fit_moms_goal_setting.mp4,Write down exactly what you want and when you want it.,Break big goals into small daily actions you can complete.,Track progress to stay motivated when the journey gets tough.,Celebrate small wins as stepping stones to bigger victories ahead.,Adjust goals as needed but never abandon them entirely.,Your goals should challenge you but still feel achievable daily.,,#GoalSetting #SpecificTargets #SmallStepsWinnings
57,Consistency Secrets,Why do some people stay consistent while others give up?,Success comes from showing up especially when you don't feel like it.,D:\reels-dev\mixkit\fitness\fit_moms\faceless_videos\57_fit_moms_consistency_secrets.mp4,Start ridiculously small to build unstoppable momentum over time quickly.,Link new habits to existing ones you already do automatically.,Focus on frequency before intensity for lasting change to occur.,Forgive yourself quickly when you miss and get right back on track.,Consistency is built through practice not through perfection ever.,The compound effect of small actions creates remarkable transformations.,,#ConsistencySecrets #ShowUpDaily #SmallActionsWin
58,Body Wisdom,Do you trust your body's signals or ignore them completely?,Your body is constantly communicating; learn to listen and respond appropriately.,D:\reels-dev\mixkit\fitness\fit_moms\faceless_videos\58_fit_moms_body_wisdom.mp4,Hunger and fullness cues guide better nutrition than any diet.,Pain is information that demands attention and appropriate response always.,Energy levels tell you when to push and when to rest.,Your body adapts when you provide consistent challenge and recovery.,Trust the process your body knows how to get stronger.,Work with your body as a partner not against it.,,#BodyWisdom #TrustTheProcess #ListenWithin
59,Legacy Building,What example are you setting for the next generation watching?,Your relationship with health becomes their normal everyday experience.,D:\reels-dev\mixkit\fitness\fit_moms\faceless_videos\59_fit_moms_legacy_building.mp4,Model self-care so your children learn to value themselves appropriately.,Show them that taking care of yourself isn't selfish behavior.,Your healthy choices today shape their relationship with wellness tomorrow.,Break generational patterns of neglecting personal health and wellness first.,Teach them their bodies are worthy of love care and respect.,The ripple effects of your choices extend far beyond yourself.,,#HealthyLegacy #ModelSelfCare #GenerationalChange
60,Your Journey,Remember that every expert was once a complete beginner too.,Start where you are with what you have and take the next step today.,D:\reels-dev\mixkit\fitness\fit_moms\faceless_videos\60_fit_moms_your_journey.mp4,Progress isn't always linear but it's always possible with effort.,Your journey is unique; don't compare it to anyone else's experience.,Celebrate how far you've come while working toward where you're going.,Trust that your body knows how to get stronger with consistency.,Small changes compounded over time create remarkable transformations in life.,You have everything within you to become the healthiest version of yourself.,,#YourJourney #StartWhereYouAre #TrustTheProcess
